<metadata xml:lang="en"><Esri><CreaDate>20240529</CreaDate><CreaTime>18160800</CreaTime><ArcGISFormat>1.0</ArcGISFormat><SyncOnce>FALSE</SyncOnce><DataProperties><itemProps><itemName Sync="TRUE">CoalClosures_EnergyComm_v2024_1</itemName><imsContentType Sync="TRUE">002</imsContentType><itemLocation><linkage Sync="TRUE">file://\\10.50.10.198\GAIA\03_DataFinal\EJSJ\IRA_Energy_Communities\Coal_Closures_EnergyComm_v2024_1\CoalClosures_EnergyComm_v2024_1.shp</linkage><protocol Sync="TRUE">Local Area Network</protocol></itemLocation><itemSize Sync="TRUE">0.000</itemSize></itemProps><coordRef><type Sync="TRUE">Geographic</type><geogcsn Sync="TRUE">GCS_North_American_1983</geogcsn><csUnits Sync="TRUE">Angular Unit: Degree (0.017453)</csUnits><peXml Sync="TRUE">&lt;GeographicCoordinateSystem xsi:type='typens:GeographicCoordinateSystem' xmlns:xsi='http://www.w3.org/2001/XMLSchema-instance' xmlns:xs='http://www.w3.org/2001/XMLSchema' xmlns:typens='http://www.esri.com/schemas/ArcGIS/3.2.0'&gt;&lt;WKT&gt;GEOGCS[&amp;quot;GCS_North_American_1983&amp;quot;,DATUM[&amp;quot;D_North_American_1983&amp;quot;,SPHEROID[&amp;quot;GRS_1980&amp;quot;,6378137.0,298.257222101]],PRIMEM[&amp;quot;Greenwich&amp;quot;,0.0],UNIT[&amp;quot;Degree&amp;quot;,0.0174532925199433],AUTHORITY[&amp;quot;EPSG&amp;quot;,4269]]&lt;/WKT&gt;&lt;XOrigin&gt;-400&lt;/XOrigin&gt;&lt;YOrigin&gt;-400&lt;/YOrigin&gt;&lt;XYScale&gt;11258999068426.238&lt;/XYScale&gt;&lt;ZOrigin&gt;-100000&lt;/ZOrigin&gt;&lt;ZScale&gt;10000&lt;/ZScale&gt;&lt;MOrigin&gt;-100000&lt;/MOrigin&gt;&lt;MScale&gt;10000&lt;/MScale&gt;&lt;XYTolerance&gt;8.983152841195215e-09&lt;/XYTolerance&gt;&lt;ZTolerance&gt;0.001&lt;/ZTolerance&gt;&lt;MTolerance&gt;0.001&lt;/MTolerance&gt;&lt;HighPrecision&gt;true&lt;/HighPrecision&gt;&lt;LeftLongitude&gt;-180&lt;/LeftLongitude&gt;&lt;WKID&gt;4269&lt;/WKID&gt;&lt;LatestWKID&gt;4269&lt;/LatestWKID&gt;&lt;/GeographicCoordinateSystem&gt;</peXml></coordRef><lineage><Process ToolSource="c:\program files\arcgis\pro\Resources\ArcToolbox\toolboxes\Conversion Tools.tbx\ExportFeatures" Date="20240529" Time="181619">ExportFeatures Census_Tract_2020 P:\05_AnalysisProjects_Working\DOE_HQ_Requests\IRA_Analyses\IRA_Analyses\IRA_TC_Data_Treasury\IRA_TC_Data_Treasury.gdb\CT_Coal_Closures_May2024Update # NOT_USE_ALIAS "AFFGEOID_Tract_2020 "AFFGEOID_Tract_2020" true true false 255 Text 0 0,First,#,Census_Tract_2020,T_2023_CoalClosures$_.AFFGEOID_Tract_2020,0,254,Census_Tract_2020,T_2023_CoalClosures$_.AFFGEOID_Tract_2020,0,254;fipstate_2020 "fipstate_2020" true true false 255 Text 0 0,First,#,Census_Tract_2020,T_2023_CoalClosures$_.fipstate_2020,0,254,Census_Tract_2020,T_2023_CoalClosures$_.fipstate_2020,0,254;fipcounty_2020 "fipcounty_2020" true true false 255 Text 0 0,First,#,Census_Tract_2020,T_2023_CoalClosures$_.fipcounty_2020,0,254,Census_Tract_2020,T_2023_CoalClosures$_.fipcounty_2020,0,254;geoid_county_2020 "geoid_county_2020" true true false 255 Text 0 0,First,#,Census_Tract_2020,T_2023_CoalClosures$_.geoid_county_2020,0,254,Census_Tract_2020,T_2023_CoalClosures$_.geoid_county_2020,0,254;fiptract_2020 "fiptract_2020" true true false 255 Text 0 0,First,#,Census_Tract_2020,T_2023_CoalClosures$_.fiptract_2020,0,254,Census_Tract_2020,T_2023_CoalClosures$_.fiptract_2020,0,254;geoid_tract_2020 "geoid_tract_2020" true true false 255 Text 0 0,First,#,Census_Tract_2020,T_2023_CoalClosures$_.geoid_tract_2020,0,254,Census_Tract_2020,T_2023_CoalClosures$_.geoid_tract_2020,0,254;State_Name "State_Name" true true false 255 Text 0 0,First,#,Census_Tract_2020,T_2023_CoalClosures$_.State_Name,0,254,Census_Tract_2020,T_2023_CoalClosures$_.State_Name,0,254;County_Name "County_Name" true true false 255 Text 0 0,First,#,Census_Tract_2020,T_2023_CoalClosures$_.County_Name,0,254,Census_Tract_2020,T_2023_CoalClosures$_.County_Name,0,254;Tract_Name "Tract_Name" true true false 20 Text 0 0,First,#,Census_Tract_2020,Census_Tract.NAMELSAD,0,19,Census_Tract_2020,Census_Tract.NAMELSAD,0,19;Mine_Closure "Mine_Closure" true true false 255 Text 0 0,First,#,Census_Tract_2020,T_2023_CoalClosures$_.Mine_Closure,0,254,Census_Tract_2020,T_2023_CoalClosures$_.Mine_Closure,0,254;Generator_Closure "Generator_Closure" true true false 255 Text 0 0,First,#,Census_Tract_2020,T_2023_CoalClosures$_.Generator_Closure,0,254,Census_Tract_2020,T_2023_CoalClosures$_.Generator_Closure,0,254;Adjacent_to_Closure "Adjacent_to_Closure" true true false 255 Text 0 0,First,#,Census_Tract_2020,T_2023_CoalClosures$_.Adjacent_to_Closure,0,254,Census_Tract_2020,T_2023_CoalClosures$_.Adjacent_to_Closure,0,254;Label "Label" true true false 255 Text 0 0,First,#,Census_Tract_2020,T_2023_CoalClosures$_.Label,0,254,Census_Tract_2020,T_2023_CoalClosures$_.Label,0,254;Date_Last_Update "Date_Last_Update" true true false 8 Date 0 0,First,#,Census_Tract_2020,T_2023_CoalClosures$_.Date_Last_Update,-1,-1,Census_Tract_2020,T_2023_CoalClosures$_.Date_Last_Update,-1,-1;Dataset_version "Dataset_version" true true false 8 Double 0 0,First,#,Census_Tract_2020,T_2023_CoalClosures$_.Dataset_version,-1,-1,Census_Tract_2020,T_2023_CoalClosures$_.Dataset_version,-1,-1;Symbol "Symbol" true true false 255 Text 0 0,First,#,Census_Tract_2020,T_2023_CoalClosures$_.Symbol,0,254,Census_Tract_2020,T_2023_CoalClosures$_.Symbol,0,254;ObjectID "ObjectID" false true false 4 Long 0 0,First,#,Census_Tract_2020,T_2023_CoalClosures$_.ObjectID,-1,-1,Census_Tract_2020,T_2023_CoalClosures$_.ObjectID,-1,-1" #</Process><Process ToolSource="c:\program files\arcgis\pro\Resources\ArcToolbox\toolboxes\Data Management Tools.tbx\CalculateField" Date="20240606" Time="102112">CalculateField "2024 Coal Closure Energy Communities" Symbol "Census tract with a coal closure" Python # Text NO_ENFORCE_DOMAINS</Process><Process ToolSource="c:\program files\arcgis\pro\Resources\ArcToolbox\toolboxes\Data Management Tools.tbx\CalculateField" Date="20240606" Time="131715">CalculateField "2024 Coal Closure Energy Communities" Date_Last_Update Date(2024, 04, 07) Arcade # Text NO_ENFORCE_DOMAINS</Process><Process ToolSource="c:\program files\arcgis\pro\Resources\ArcToolbox\toolboxes\Data Management Tools.tbx\CalculateField" Date="20240606" Time="131739">CalculateField "2024 Coal Closure Energy Communities" Date_Last_Update Date(2024, 05, 07) Arcade # Text NO_ENFORCE_DOMAINS</Process><Process ToolSource="c:\program files\arcgis\pro\Resources\ArcToolbox\toolboxes\Conversion Tools.tbx\ExportFeatures" Date="20240606" Time="215356">ExportFeatures "2024 Coal Closure Energy Communities" P:\03_DataFinal\EJSJ\IRA_Energy_Communities\Coal_Closures_EnergyComm_v2024_1\CoalClosures_EnergyComm_v2024_1.shp # NOT_USE_ALIAS "AFFGEOID_Tract_2020 "AFFGEOID_Tract_2020" true true false 255 Text 0 0,First,#,2024 Coal Closure Energy Communities,AFFGEOID_Tract_2020,0,254;fipstate_2020 "fipstate_2020" true true false 255 Text 0 0,First,#,2024 Coal Closure Energy Communities,fipstate_2020,0,254;fipcounty_2020 "fipcounty_2020" true true false 255 Text 0 0,First,#,2024 Coal Closure Energy Communities,fipcounty_2020,0,254;geoid_county_2020 "geoid_county_2020" true true false 255 Text 0 0,First,#,2024 Coal Closure Energy Communities,geoid_county_2020,0,254;fiptract_2020 "fiptract_2020" true true false 255 Text 0 0,First,#,2024 Coal Closure Energy Communities,fiptract_2020,0,254;geoid_tract_2020 "geoid_tract_2020" true true false 255 Text 0 0,First,#,2024 Coal Closure Energy Communities,geoid_tract_2020,0,254;State_Name "State_Name" true true false 255 Text 0 0,First,#,2024 Coal Closure Energy Communities,State_Name,0,254;County_Name "County_Name" true true false 255 Text 0 0,First,#,2024 Coal Closure Energy Communities,County_Name,0,254;Tract_Name "Tract_Name" true true false 20 Text 0 0,First,#,2024 Coal Closure Energy Communities,Tract_Name,0,19;Mine_Closure "Mine_Closure" true true false 255 Text 0 0,First,#,2024 Coal Closure Energy Communities,Mine_Closure,0,254;Generator_Closure "Generator_Closure" true true false 255 Text 0 0,First,#,2024 Coal Closure Energy Communities,Generator_Closure,0,254;Adjacent_to_Closure "Adjacent_to_Closure" true true false 255 Text 0 0,First,#,2024 Coal Closure Energy Communities,Adjacent_to_Closure,0,254;Label "Label" true true false 255 Text 0 0,First,#,2024 Coal Closure Energy Communities,Label,0,254;Date_Last_Update "Date_Last_Update" true true false 8 Date 0 0,First,#,2024 Coal Closure Energy Communities,Date_Last_Update,-1,-1;Dataset_version "Dataset_version" true true false 8 Double 0 0,First,#,2024 Coal Closure Energy Communities,Dataset_version,-1,-1;Symbol "Symbol" true true false 255 Text 0 0,First,#,2024 Coal Closure Energy Communities,Symbol,0,254;ObjectID "ObjectID" true true false 4 Long 0 0,First,#,2024 Coal Closure Energy Communities,ObjectID,-1,-1;Shape_Length "Shape_Length" false true true 8 Double 0 0,First,#,2024 Coal Closure Energy Communities,Shape_Length,-1,-1;Shape_Area "Shape_Area" false true true 8 Double 0 0,First,#,2024 Coal Closure Energy Communities,Shape_Area,-1,-1" #</Process></lineage></DataProperties><SyncDate>20240606</SyncDate><SyncTime>21535000</SyncTime><ModDate>20240606</ModDate><ModTime>21535000</ModTime></Esri><dataIdInfo><envirDesc Sync="TRUE">Microsoft Windows 10 Version 10.0 (Build 19045) ; Esri ArcGIS 13.2.0.49743</envirDesc><dataLang><languageCode value="eng" Sync="TRUE"></languageCode><countryCode value="USA" Sync="TRUE"></countryCode></dataLang><idCitation><resTitle Sync="TRUE">CoalClosures_EnergyComm_v2024_1</resTitle><presForm><PresFormCd value="005" Sync="TRUE"></PresFormCd></presForm></idCitation><spatRpType><SpatRepTypCd value="001" Sync="TRUE"></SpatRepTypCd></spatRpType></dataIdInfo><mdLang><languageCode value="eng" Sync="TRUE"></languageCode><countryCode value="USA" Sync="TRUE"></countryCode></mdLang><distInfo><distFormat><formatName Sync="TRUE">Shapefile</formatName></distFormat><distTranOps><transSize Sync="TRUE">0.000</transSize></distTranOps></distInfo><mdHrLv><ScopeCd value="005" Sync="TRUE"></ScopeCd></mdHrLv><mdHrLvName Sync="TRUE">dataset</mdHrLvName><refSysInfo><RefSystem><refSysID><identCode code="4269" Sync="TRUE"></identCode><idCodeSpace Sync="TRUE">EPSG</idCodeSpace><idVersion Sync="TRUE">6.5(3.0.1)</idVersion></refSysID></RefSystem></refSysInfo><spatRepInfo><VectSpatRep><geometObjs Name="CoalClosures_EnergyComm_v2024_1"><geoObjTyp><GeoObjTypCd value="002" Sync="TRUE"></GeoObjTypCd></geoObjTyp><geoObjCnt Sync="TRUE">0</geoObjCnt></geometObjs><topLvl><TopoLevCd value="001" Sync="TRUE"></TopoLevCd></topLvl></VectSpatRep></spatRepInfo><spdoinfo><ptvctinf><esriterm Name="CoalClosures_EnergyComm_v2024_1"><efeatyp Sync="TRUE">Simple</efeatyp><efeageom code="4" Sync="TRUE"></efeageom><esritopo Sync="TRUE">FALSE</esritopo><efeacnt Sync="TRUE">0</efeacnt><spindex Sync="TRUE">FALSE</spindex><linrefer Sync="TRUE">FALSE</linrefer></esriterm></ptvctinf></spdoinfo><eainfo><detailed Name="CoalClosures_EnergyComm_v2024_1"><enttyp><enttypl Sync="TRUE">CoalClosures_EnergyComm_v2024_1</enttypl><enttypt Sync="TRUE">Feature Class</enttypt><enttypc Sync="TRUE">0</enttypc></enttyp><attr><attrlabl Sync="TRUE">FID</attrlabl><attalias Sync="TRUE">FID</attalias><attrtype Sync="TRUE">OID</attrtype><attwidth Sync="TRUE">4</attwidth><atprecis Sync="TRUE">0</atprecis><attscale Sync="TRUE">0</attscale><attrdef Sync="TRUE">Internal feature number.</attrdef><attrdefs Sync="TRUE">Esri</attrdefs><attrdomv><udom Sync="TRUE">Sequential unique whole numbers that are automatically generated.</udom></attrdomv></attr><attr><attrlabl Sync="TRUE">Shape</attrlabl><attalias Sync="TRUE">Shape</attalias><attrtype Sync="TRUE">Geometry</attrtype><attwidth Sync="TRUE">0</attwidth><atprecis Sync="TRUE">0</atprecis><attscale Sync="TRUE">0</attscale><attrdef Sync="TRUE">Feature geometry.</attrdef><attrdefs Sync="TRUE">Esri</attrdefs><attrdomv><udom Sync="TRUE">Coordinates defining the features.</udom></attrdomv></attr><attr><attrlabl Sync="TRUE">AFFGEOID_T</attrlabl><attalias Sync="TRUE">AFFGEOID_T</attalias><attrtype Sync="TRUE">String</attrtype><attwidth Sync="TRUE">254</attwidth><atprecis Sync="TRUE">0</atprecis><attscale Sync="TRUE">0</attscale></attr><attr><attrlabl Sync="TRUE">fipstate_2</attrlabl><attalias Sync="TRUE">fipstate_2</attalias><attrtype Sync="TRUE">String</attrtype><attwidth Sync="TRUE">254</attwidth><atprecis Sync="TRUE">0</atprecis><attscale Sync="TRUE">0</attscale></attr><attr><attrlabl Sync="TRUE">fipcounty_</attrlabl><attalias Sync="TRUE">fipcounty_</attalias><attrtype Sync="TRUE">String</attrtype><attwidth Sync="TRUE">254</attwidth><atprecis Sync="TRUE">0</atprecis><attscale Sync="TRUE">0</attscale></attr><attr><attrlabl Sync="TRUE">geoid_coun</attrlabl><attalias Sync="TRUE">geoid_coun</attalias><attrtype Sync="TRUE">String</attrtype><attwidth Sync="TRUE">254</attwidth><atprecis Sync="TRUE">0</atprecis><attscale Sync="TRUE">0</attscale></attr><attr><attrlabl Sync="TRUE">fiptract_2</attrlabl><attalias Sync="TRUE">fiptract_2</attalias><attrtype Sync="TRUE">String</attrtype><attwidth Sync="TRUE">254</attwidth><atprecis Sync="TRUE">0</atprecis><attscale Sync="TRUE">0</attscale></attr><attr><attrlabl Sync="TRUE">geoid_trac</attrlabl><attalias Sync="TRUE">geoid_trac</attalias><attrtype Sync="TRUE">String</attrtype><attwidth Sync="TRUE">254</attwidth><atprecis Sync="TRUE">0</atprecis><attscale Sync="TRUE">0</attscale></attr><attr><attrlabl Sync="TRUE">State_Name</attrlabl><attalias Sync="TRUE">State_Name</attalias><attrtype Sync="TRUE">String</attrtype><attwidth Sync="TRUE">254</attwidth><atprecis Sync="TRUE">0</atprecis><attscale Sync="TRUE">0</attscale></attr><attr><attrlabl Sync="TRUE">County_Nam</attrlabl><attalias Sync="TRUE">County_Nam</attalias><attrtype Sync="TRUE">String</attrtype><attwidth Sync="TRUE">254</attwidth><atprecis Sync="TRUE">0</atprecis><attscale Sync="TRUE">0</attscale></attr><attr><attrlabl Sync="TRUE">Tract_Name</attrlabl><attalias Sync="TRUE">Tract_Name</attalias><attrtype Sync="TRUE">String</attrtype><attwidth Sync="TRUE">20</attwidth><atprecis Sync="TRUE">0</atprecis><attscale Sync="TRUE">0</attscale></attr><attr><attrlabl Sync="TRUE">Mine_Closu</attrlabl><attalias Sync="TRUE">Mine_Closu</attalias><attrtype Sync="TRUE">String</attrtype><attwidth Sync="TRUE">254</attwidth><atprecis Sync="TRUE">0</atprecis><attscale Sync="TRUE">0</attscale></attr><attr><attrlabl Sync="TRUE">Generator_</attrlabl><attalias Sync="TRUE">Generator_</attalias><attrtype Sync="TRUE">String</attrtype><attwidth Sync="TRUE">254</attwidth><atprecis Sync="TRUE">0</atprecis><attscale Sync="TRUE">0</attscale></attr><attr><attrlabl Sync="TRUE">Adjacent_t</attrlabl><attalias Sync="TRUE">Adjacent_t</attalias><attrtype Sync="TRUE">String</attrtype><attwidth Sync="TRUE">254</attwidth><atprecis Sync="TRUE">0</atprecis><attscale Sync="TRUE">0</attscale></attr><attr><attrlabl Sync="TRUE">Label</attrlabl><attalias Sync="TRUE">Label</attalias><attrtype Sync="TRUE">String</attrtype><attwidth Sync="TRUE">254</attwidth><atprecis Sync="TRUE">0</atprecis><attscale Sync="TRUE">0</attscale></attr><attr><attrlabl Sync="TRUE">Date_Last_</attrlabl><attalias Sync="TRUE">Date_Last_</attalias><attrtype Sync="TRUE">Date</attrtype><attwidth Sync="TRUE">8</attwidth><atprecis Sync="TRUE">0</atprecis><attscale Sync="TRUE">0</attscale></attr><attr><attrlabl Sync="TRUE">Dataset_ve</attrlabl><attalias Sync="TRUE">Dataset_ve</attalias><attrtype Sync="TRUE">Double</attrtype><attwidth Sync="TRUE">19</attwidth><atprecis Sync="TRUE">0</atprecis><attscale Sync="TRUE">0</attscale></attr><attr><attrlabl Sync="TRUE">Symbol</attrlabl><attalias Sync="TRUE">Symbol</attalias><attrtype Sync="TRUE">String</attrtype><attwidth Sync="TRUE">254</attwidth><atprecis Sync="TRUE">0</atprecis><attscale Sync="TRUE">0</attscale></attr><attr><attrlabl Sync="TRUE">ObjectID</attrlabl><attalias Sync="TRUE">ObjectID</attalias><attrtype Sync="TRUE">Integer</attrtype><attwidth Sync="TRUE">10</attwidth><atprecis Sync="TRUE">10</atprecis><attscale Sync="TRUE">0</attscale></attr><attr><attrlabl Sync="TRUE">Shape_Leng</attrlabl><attalias Sync="TRUE">Shape_Leng</attalias><attrtype Sync="TRUE">Double</attrtype><attwidth Sync="TRUE">19</attwidth><atprecis Sync="TRUE">0</atprecis><attscale Sync="TRUE">0</attscale></attr><attr><attrlabl Sync="TRUE">Shape_Area</attrlabl><attalias Sync="TRUE">Shape_Area</attalias><attrtype Sync="TRUE">Double</attrtype><attwidth Sync="TRUE">19</attwidth><atprecis Sync="TRUE">0</atprecis><attscale Sync="TRUE">0</attscale><attrdef Sync="TRUE">Area of feature in internal units squared.</attrdef><attrdefs Sync="TRUE">Esri</attrdefs><attrdomv><udom Sync="TRUE">Positive real numbers that are automatically generated.</udom></attrdomv></attr></detailed></eainfo><mdDateSt Sync="TRUE">20240606</mdDateSt></metadata>
