<?xml version="1.0" encoding="UTF-8"?>
<mdb:MD_Metadata xmlns:xsi="http://www.w3.org/2001/XMLSchema-instance" xmlns:cat="http://standards.iso.org/iso/19115/-3/cat/1.0" xmlns:cit="http://standards.iso.org/iso/19115/-3/cit/1.0" xmlns:gcx="http://standards.iso.org/iso/19115/-3/gcx/1.0" xmlns:gex="http://standards.iso.org/iso/19115/-3/gex/1.0" xmlns:lan="http://standards.iso.org/iso/19115/-3/lan/1.0" xmlns:srv="http://standards.iso.org/iso/19115/-3/srv/2.0" xmlns:mac="http://standards.iso.org/iso/19115/-3/mac/1.0" xmlns:mas="http://standards.iso.org/iso/19115/-3/mas/1.0" xmlns:mcc="http://standards.iso.org/iso/19115/-3/mcc/1.0" xmlns:mco="http://standards.iso.org/iso/19115/-3/mco/1.0" xmlns:mda="http://standards.iso.org/iso/19115/-3/mda/1.0" xmlns:mdb="http://standards.iso.org/iso/19115/-3/mdb/1.0" xmlns:mdt="http://standards.iso.org/iso/19115/-3/mdt/1.0" xmlns:mex="http://standards.iso.org/iso/19115/-3/mex/1.0" xmlns:mrl="http://standards.iso.org/iso/19115/-3/mrl/1.0" xmlns:mds="http://standards.iso.org/iso/19115/-3/mds/1.0" xmlns:mmi="http://standards.iso.org/iso/19115/-3/mmi/1.0" xmlns:mpc="http://standards.iso.org/iso/19115/-3/mpc/1.0" xmlns:mrc="http://standards.iso.org/iso/19115/-3/mrc/1.0" xmlns:mrd="http://standards.iso.org/iso/19115/-3/mrd/1.0" xmlns:mri="http://standards.iso.org/iso/19115/-3/mri/1.0" xmlns:mrs="http://standards.iso.org/iso/19115/-3/mrs/1.0" xmlns:msr="http://standards.iso.org/iso/19115/-3/msr/1.0" xmlns:mdq="http://standards.iso.org/iso/19157/-2/mdq/1.0" xmlns:dqc="http://standards.iso.org/iso/19157/-2/dqc/1.0" xmlns:gco="http://standards.iso.org/iso/19115/-3/gco/1.0" xmlns:gml="http://www.opengis.net/gml/3.2" xmlns:xlink="http://www.w3.org/1999/xlink">
<mdb:metadataIdentifier>
<mcc:MD_Identifier>
<mcc:code>
<gco:CharacterString>871BACD8-12AE-4FC2-8D58-383D8E1328BF</gco:CharacterString>
</mcc:code>
</mcc:MD_Identifier>
</mdb:metadataIdentifier>
<mdb:defaultLocale>
<lan:PT_Locale>
<lan:language>
<lan:LanguageCode codeList="http://www.loc.gov/standards/iso639-2/php/code_list.php" codeListValue="eng">eng</lan:LanguageCode>
</lan:language>
<lan:country>
<lan:CountryCode codeList="http://www.iso.org/iso/country_codes/iso_3166_code_lists.htm" codeListValue="US">US</lan:CountryCode>
</lan:country>
<lan:characterEncoding>
<lan:MD_CharacterSetCode codeList="standards.iso.org/19115/-3/lan/1.0/codelists.xml#MD_CharacterSetCode" codeListValue="utf8">utf8</lan:MD_CharacterSetCode>
</lan:characterEncoding>
</lan:PT_Locale>
</mdb:defaultLocale>
<mdb:metadataScope>
<mdb:MD_MetadataScope>
<mdb:resourceScope>
<mcc:MD_ScopeCode codeList="standards.iso.org/19115/-3/lan/1.0/codelists.xml#MD_ScopeCode" codeListValue="dataset">dataset</mcc:MD_ScopeCode>
</mdb:resourceScope>
</mdb:MD_MetadataScope>
</mdb:metadataScope>
<mdb:contact>
<cit:CI_Responsibility>
<cit:role>
<cit:CI_RoleCode codeList="standards.iso.org/19115/-3/lan/1.0/codelists.xml#CI_RoleCode" codeListValue="pointOfContact">pointOfContact</cit:CI_RoleCode>
</cit:role>
<cit:party>
<cit:CI_Organisation>
<cit:name>
<gco:CharacterString>National Energy Technology Laboratory</gco:CharacterString>
</cit:name>
<cit:individual>
<cit:CI_Individual>
<cit:name>
<gco:CharacterString>Jennifer Bauer</gco:CharacterString>
</cit:name>
<cit:positionName>
<gco:CharacterString>Geo-data Scientist</gco:CharacterString>
</cit:positionName>
</cit:CI_Individual>
</cit:individual>
</cit:CI_Organisation>
</cit:party>
</cit:CI_Responsibility>
</mdb:contact>
<mdb:dateInfo>
<cit:CI_Date>
<cit:date>
<gco:DateTime>2024-06-07T00:00:00</gco:DateTime>
</cit:date>
<cit:dateType>
<cit:CI_DateTypeCode codeList="standards.iso.org/19115/-3/lan/1.0/codelists.xml#CI_DateTypeCode" codeListValue="revision">revision</cit:CI_DateTypeCode>
</cit:dateType>
</cit:CI_Date>
</mdb:dateInfo>
<mdb:metadataStandard>
<cit:CI_Citation>
<cit:title>
<gco:CharacterString>ISO 19115-3 Geographic Information - Metadata - Part 1: Fundamentals</gco:CharacterString>
</cit:title>
<cit:edition>
<gco:CharacterString>2014</gco:CharacterString>
</cit:edition>
</cit:CI_Citation>
</mdb:metadataStandard>
<mdb:identificationInfo>
<mri:MD_DataIdentification>
<mri:citation>
<cit:CI_Citation>
<cit:title>
<gco:CharacterString>2024 MSAs/non-MSAs that only meet the FFE Threshold</gco:CharacterString>
</cit:title>
<cit:otherCitationDetails>
<gco:CharacterString>U.S. Department of Energy (DOE), National Energy Technology Laboratory (NETL), Interagency Working Group (IWG) on Coal &amp; Power Plant Communities &amp; Economic Revitalization, U.S. Department of the Treasury. IRA Energy Community Data Layers.</gco:CharacterString>
</cit:otherCitationDetails>
</cit:CI_Citation>
</mri:citation>
<mri:abstract>
<gco:CharacterString>This geospatial dataset identifies U.S. Metropolitan statistical areas (MSAs) and non-metropolitan statistical areas (non-MSAs) that have had 0.17% or greater direct employment related to extraction, processing, transport, or storage of coal, oil, or natural gas.Additional information on energy communities and related tax credits can be accessed on the Interagency Working Group on Coal &amp;amp; Power Plant Communities &amp;amp; Economic Revitalization Energy Communities website (https://energycommunities.gov/energy-community-tax-credit-bonus/).In relation to the data, direct employment related to the extraction, processing, transport, or storage of coal, oil, or natural gas, termed fossil fuel employment (FFE), is estimated using employment in the following industries, according to their 2017 North American Industry Classification System (NAICS) codes.The FFE rate is determined as the number of people employed in the above NAICS codes as listed in the County Files of the County Business Patterns (CBP) published annually by the Census Bureau, divided by the total number of people employed in that area.  CBP data include information on Puerto Rico and the other U.S. territories in the County Equivalents for Puerto Rico and Island Areas File.  The FFE and total employment for each county in the MSA/non-MSA is aggregated to determine whether the MSA/non-MSA meets the FFE threshold of 0.17 percent.Treasury/IRS calculates the FFE rate for each year the CBP dataset is available beginning with data for 2010.  If a MSA or non-MSA meets the 0.17 percent threshold in 2010 or later years, it retains this status.Only a subset of these MSAs and non-MSAs will qualify as energy communities, depending on whether their unemployment rate for the previous year is equal to or greater than the national average unemployment rate.Links to these data resources, as well as FAQs regarding these data can be found on the Interagency Working Group on Coal &amp;amp; Power Plant Communities &amp;amp; Economic Revitalization Energy Communities website (https://energycommunities.gov/energy-community-tax-credit-bonus/).To access these data, you can download these resources in shapefile, csv, and xlsx file formats from NETL's Energy Data eXchange (EDX) here: https://edx.netl.doe.gov/dataset/ira-energy-community-data-layers. </gco:CharacterString>
</mri:abstract>
<mri:purpose>
<gco:CharacterString>Metropolitan statistical areas (MSAs) and non-metropolitan statistical areas (non-MSAs) meet the 0.17% or greater direct employment related to extraction, processing, transport, or storage of coal, oil, or natural gas (the fossil fuel employment (FFE) threshold) as of June 7, 2024.</gco:CharacterString>
</mri:purpose>
<mri:credit>
<gco:CharacterString>U.S. Department of Energy (DOE), National Energy Technology Laboratory (NETL), Interagency Working Group (IWG) on Coal &amp; Power Plant Communities &amp; Economic Revitalization, U.S. Department of the Treasury</gco:CharacterString>
</mri:credit>
<mri:pointOfContact>
<cit:CI_Responsibility>
<cit:role>
<cit:CI_RoleCode codeList="standards.iso.org/19115/-3/lan/1.0/codelists.xml#CI_RoleCode" codeListValue="pointOfContact">pointOfContact</cit:CI_RoleCode>
</cit:role>
<cit:party>
<cit:CI_Organisation>
<cit:name>
<gco:CharacterString>National Energy Technology Laboratory</gco:CharacterString>
</cit:name>
<cit:individual>
<cit:CI_Individual>
<cit:name>
<gco:CharacterString>Jennifer Bauer</gco:CharacterString>
</cit:name>
<cit:positionName>
<gco:CharacterString>Geo-data Scientist</gco:CharacterString>
</cit:positionName>
</cit:CI_Individual>
</cit:individual>
</cit:CI_Organisation>
</cit:party>
</cit:CI_Responsibility>
</mri:pointOfContact>
<mri:spatialRepresentationType>
<mcc:MD_SpatialRepresentationTypeCode codeList="standards.iso.org/19115/-3/lan/1.0/codelists.xml#MD_SpatialRepresentationTypeCode" codeListValue="vector">vector</mcc:MD_SpatialRepresentationTypeCode>
</mri:spatialRepresentationType>
<mri:topicCategory>
<mri:MD_TopicCategoryCode>boundaries</mri:MD_TopicCategoryCode>
</mri:topicCategory>
<mri:extent>
<gex:EX_Extent>
<gex:description>
<gco:CharacterString>All U.S. states and territories where data are available</gco:CharacterString>
</gex:description>
<gex:geographicElement>
<gex:EX_GeographicBoundingBox>
<gex:extentTypeCode>
<gco:Boolean>true</gco:Boolean>
</gex:extentTypeCode>
<gex:westBoundLongitude>
<gco:Decimal>-179.231086</gco:Decimal>
</gex:westBoundLongitude>
<gex:eastBoundLongitude>
<gco:Decimal>179.859681</gco:Decimal>
</gex:eastBoundLongitude>
<gex:southBoundLatitude>
<gco:Decimal>17.623468</gco:Decimal>
</gex:southBoundLatitude>
<gex:northBoundLatitude>
<gco:Decimal>71.439786</gco:Decimal>
</gex:northBoundLatitude>
</gex:EX_GeographicBoundingBox>
</gex:geographicElement>
</gex:EX_Extent>
</mri:extent>
<mri:descriptiveKeywords>
<mri:MD_Keywords>
<mri:keyword>
<gco:CharacterString>United States, U.S., Metropolitan Statistical Area (MSA), Non-Metropolitan Statistical Area (Non-MSA), Counties</gco:CharacterString>
</mri:keyword>
<mri:type>
<mri:MD_KeywordTypeCode codeList="standards.iso.org/19115/-3/lan/1.0/codelists.xml#napMD_KeywordTypeCode" codeListValue="place">place</mri:MD_KeywordTypeCode>
</mri:type>
</mri:MD_Keywords>
</mri:descriptiveKeywords>
<mri:descriptiveKeywords>
<mri:MD_Keywords>
<mri:keyword>
<gco:CharacterString>2024</gco:CharacterString>
</mri:keyword>
<mri:type>
<mri:MD_KeywordTypeCode codeList="standards.iso.org/19115/-3/lan/1.0/codelists.xml#napMD_KeywordTypeCode" codeListValue="temporal">temporal</mri:MD_KeywordTypeCode>
</mri:type>
</mri:MD_Keywords>
</mri:descriptiveKeywords>
<mri:descriptiveKeywords>
<mri:MD_Keywords>
<mri:keyword>
<gco:CharacterString>Energy Community, Unemployment, Inflation Reduction Act, IRA, Tax Credit Bonus, Fossil Energy, Employment</gco:CharacterString>
</mri:keyword>
<mri:type>
<mri:MD_KeywordTypeCode codeList="standards.iso.org/19115/-3/lan/1.0/codelists.xml#napMD_KeywordTypeCode" codeListValue="theme">theme</mri:MD_KeywordTypeCode>
</mri:type>
</mri:MD_Keywords>
</mri:descriptiveKeywords>
<mri:descriptiveKeywords>
<mri:MD_Keywords>
<mri:keyword>
<gco:CharacterString>U.S. Department of Energy (DOE), National Energy Technology Laboratory (NETL), Interagency Working Group (IWG) on Coal and Power Plant Communities and Economic Revitalization, U.S. Department of the Treasury, DOE, NETL, IWG</gco:CharacterString>
</mri:keyword>
</mri:MD_Keywords>
</mri:descriptiveKeywords>
<mri:descriptiveKeywords>
<mri:MD_Keywords>
<mri:keyword>
<gco:CharacterString>Downloadable Data</gco:CharacterString>
</mri:keyword>
<mri:thesaurusName uuidref="723f6998-058e-11dc-8314-0800200c9a66">
</mri:thesaurusName>
</mri:MD_Keywords>
</mri:descriptiveKeywords>
<mri:resourceConstraints>
<mco:MD_Constraints>
<mco:useLimitation>
<gco:CharacterString>These spatial data may not be relied upon by taxpayers to substantiate a tax return position or for determining whether certain penalties apply and will not be used by the IRS for examination purposes. The mapping tool does not reflect the application of the law to a specific taxpayer’s situation, and the applicable Internal Revenue Code provisions ultimately control.License: Creative Commons Attribution. This allows for the re-distribution and re-use of this work on the condition that this content is appropriately credited. Please use the citation below whenever re-distribution or re-using this work.Citation: U.S. Department of Energy (DOE), National Energy Technology Laboratory (NETL), Interagency Working Group (IWG) on Coal &amp;amp;amp;amp; Power Plant Communities &amp;amp;amp;amp; Economic Revitalization, U.S. Department of the Treasury. IRA Energy Community Data Layers.Disclaimer of Liability: This system is made available by an agency of the United States Government. Neither the United States Government, the Department of Energy, the National Energy Technology Laboratory, nor any of their employees, makes any warranty, express or implied, including warranties of merchantability and fitness for a particular purpose, or assumes any legal liability or responsibility for the accuracy, completeness, or usefulness of any information, apparatus, product, or process disclosed, or represents that its use would not infringe privately owned rights.</gco:CharacterString>
</mco:useLimitation>
</mco:MD_Constraints>
</mri:resourceConstraints>
<mri:defaultLocale>
<lan:PT_Locale>
<lan:language>
<lan:LanguageCode codeList="http://www.loc.gov/standards/iso639-2/php/code_list.php" codeListValue="eng">eng</lan:LanguageCode>
</lan:language>
<lan:country>
<lan:CountryCode codeList="http://www.iso.org/iso/country_codes/iso_3166_code_lists.htm" codeListValue="US">US</lan:CountryCode>
</lan:country>
<lan:characterEncoding>
<lan:MD_CharacterSetCode codeList="standards.iso.org/19115/-3/lan/1.0/codelists.xml#MD_CharacterSetCode" codeListValue="utf8">utf8</lan:MD_CharacterSetCode>
</lan:characterEncoding>
</lan:PT_Locale>
</mri:defaultLocale>
</mri:MD_DataIdentification>
</mdb:identificationInfo>
<mdb:metadataConstraints>
<mco:MD_Constraints>
<mco:useLimitation>
<gco:CharacterString>These spatial data may not be relied upon by taxpayers to substantiate a tax return position or for determining whether certain penalties apply and will not be used by the IRS for examination purposes. The mapping tool does not reflect the application of the law to a specific taxpayer’s situation, and the applicable Internal Revenue Code provisions ultimately control.License: Creative Commons Attribution. This allows for the re-distribution and re-use of this work on the condition that this content is appropriately credited. Please use the citation below whenever re-distribution or re-using this work.Citation: U.S. Department of Energy (DOE), National Energy Technology Laboratory (NETL), Interagency Working Group (IWG) on Coal &amp;amp; Power Plant Communities &amp;amp; Economic Revitalization, U.S. Department of the Treasury. IRA Energy Community Data Layers.Disclaimer of Liability: This system is made available by an agency of the United States Government. Neither the United States Government, the Department of Energy, the National Energy Technology Laboratory, nor any of their employees, makes any warranty, express or implied, including warranties of merchantability and fitness for a particular purpose, or assumes any legal liability or responsibility for the accuracy, completeness, or usefulness of any information, apparatus, product, or process disclosed, or represents that its use would not infringe privately owned rights.</gco:CharacterString>
</mco:useLimitation>
</mco:MD_Constraints>
</mdb:metadataConstraints>
<mdb:metadataMaintenance>
<mmi:MD_MaintenanceInformation>
<mmi:maintenanceAndUpdateFrequency>
<mmi:MD_MaintenanceFrequencyCode codeList="standards.iso.org/19115/-3/lan/1.0/codelists.xml#MD_MaintenanceFrequencyCode" codeListValue="annually">annually</mmi:MD_MaintenanceFrequencyCode>
</mmi:maintenanceAndUpdateFrequency>
<mmi:maintenanceDate>
<cit:CI_Date>
<cit:date>
<gco:DateTime>2025-05-31T00:00:00</gco:DateTime>
</cit:date>
<cit:dateType>
<cit:CI_DateTypeCode codeList="standards.iso.org/19115/-3/lan/1.0/codelists.xml#CI_DateTypeCode" codeListValue="revision">revision</cit:CI_DateTypeCode>
</cit:dateType>
</cit:CI_Date>
</mmi:maintenanceDate>
</mmi:MD_MaintenanceInformation>
</mdb:metadataMaintenance>
</mdb:MD_Metadata>
