<metadata xml:lang="en">
	<Esri>
		<CreaDate>20240529</CreaDate>
		<CreaTime>23291700</CreaTime>
		<ArcGISFormat>1.0</ArcGISFormat>
		<SyncOnce>FALSE</SyncOnce>
		<DataProperties>
			<itemProps>
				<itemName Sync="TRUE">MSA_NMSA_FFE_v2023_3</itemName>
				<imsContentType Sync="TRUE">002</imsContentType>
				<itemLocation><linkage Sync="TRUE">file://\\10.50.10.198\GAIA\03_DataFinal\EJSJ\IRA_Energy_Communities\MSA_NMSA_EC_FFE_Status_v2023_3\MSA_NMSA_FFE_v2023_3.shp</linkage><protocol Sync="TRUE">Local Area Network</protocol></itemLocation><itemSize Sync="TRUE">0.000</itemSize></itemProps>
			<coordRef>
				<type Sync="TRUE">Geographic</type>
				<geogcsn Sync="TRUE">GCS_North_American_1983</geogcsn>
				<csUnits Sync="TRUE">Angular Unit: Degree (0.017453)</csUnits>
				<peXml Sync="TRUE">&lt;GeographicCoordinateSystem xsi:type='typens:GeographicCoordinateSystem' xmlns:xsi='http://www.w3.org/2001/XMLSchema-instance' xmlns:xs='http://www.w3.org/2001/XMLSchema' xmlns:typens='http://www.esri.com/schemas/ArcGIS/3.2.0'&gt;&lt;WKT&gt;GEOGCS[&amp;quot;GCS_North_American_1983&amp;quot;,DATUM[&amp;quot;D_North_American_1983&amp;quot;,SPHEROID[&amp;quot;GRS_1980&amp;quot;,6378137.0,298.257222101]],PRIMEM[&amp;quot;Greenwich&amp;quot;,0.0],UNIT[&amp;quot;Degree&amp;quot;,0.0174532925199433],AUTHORITY[&amp;quot;EPSG&amp;quot;,4269]]&lt;/WKT&gt;&lt;XOrigin&gt;-400&lt;/XOrigin&gt;&lt;YOrigin&gt;-400&lt;/YOrigin&gt;&lt;XYScale&gt;11258999068426.238&lt;/XYScale&gt;&lt;ZOrigin&gt;-100000&lt;/ZOrigin&gt;&lt;ZScale&gt;10000&lt;/ZScale&gt;&lt;MOrigin&gt;-100000&lt;/MOrigin&gt;&lt;MScale&gt;10000&lt;/MScale&gt;&lt;XYTolerance&gt;8.983152841195215e-09&lt;/XYTolerance&gt;&lt;ZTolerance&gt;0.001&lt;/ZTolerance&gt;&lt;MTolerance&gt;0.001&lt;/MTolerance&gt;&lt;HighPrecision&gt;true&lt;/HighPrecision&gt;&lt;LeftLongitude&gt;-180&lt;/LeftLongitude&gt;&lt;WKID&gt;4269&lt;/WKID&gt;&lt;LatestWKID&gt;4269&lt;/LatestWKID&gt;&lt;/GeographicCoordinateSystem&gt;</peXml>
			</coordRef>
			<lineage><Process ToolSource="c:\program files\arcgis\pro\Resources\ArcToolbox\toolboxes\Conversion Tools.tbx\ExportFeatures" Date="20240606" Time="142641">ExportFeatures "Final Layers_052023_release\MSAnMSA_FEE_MASTER" P:\05_AnalysisProjects_Working\DOE_HQ_Requests\IRA_Analyses\IRA_Analyses\IRA_TC_Data_Treasury\IRA_EnergyCommunities_2023.gdb\MSA_nMSA_FFEcounties_2023 # NOT_USE_ALIAS "objectid "objectid" true true false 0 Long 0 0,First,#,Final Layers_052023_release\MSAnMSA_FEE_MASTER,objectid,-1,-1;affgeoid_cty_2020 "AFFGEOID_COUNTY_2020" true true false 255 Text 0 0,First,#,Final Layers_052023_release\MSAnMSA_FEE_MASTER,affgeoid_cty_2020,0,254;fipstate_2020 "fipstate_2020" true true false 255 Text 0 0,First,#,Final Layers_052023_release\MSAnMSA_FEE_MASTER,fipstate_2020,0,254;fipscty_2020 "fipscounty_2020" true true false 255 Text 0 0,First,#,Final Layers_052023_release\MSAnMSA_FEE_MASTER,fipscty_2020,0,254;geoid_cty_2020 "geoid_county_2020" true true false 255 Text 0 0,First,#,Final Layers_052023_release\MSAnMSA_FEE_MASTER,geoid_cty_2020,0,254;county_name_2020 "county_name_2020" true true false 255 Text 0 0,First,#,Final Layers_052023_release\MSAnMSA_FEE_MASTER,county_name_2020,0,254;state_name "state_name" true true false 255 Text 0 0,First,#,Final Layers_052023_release\MSAnMSA_FEE_MASTER,state_name,0,254;msa_area_id "MSA_area_ID_2020" true true false 0 Double 0 0,First,#,Final Layers_052023_release\MSAnMSA_FEE_MASTER,msa_area_id,-1,-1;msa_area_name "MSA_area_name_2020" true true false 255 Text 0 0,First,#,Final Layers_052023_release\MSAnMSA_FEE_MASTER,msa_area_name,0,254;ffe_ind_qual "ffe_ind_qual" true true false 0 Double 0 0,First,#,Final Layers_052023_release\MSAnMSA_FEE_MASTER,ffe_ind_qual,-1,-1;ec_ind_qual "ec_ind_qual" true true false 0 Double 0 0,First,#,Final Layers_052023_release\MSAnMSA_FEE_MASTER,ec_ind_qual,-1,-1;msa_qual "msa_qual" true true false 255 Text 0 0,First,#,Final Layers_052023_release\MSAnMSA_FEE_MASTER,msa_qual,0,254;fee_qual_status "FEE_qual_status" true true false 255 Text 0 0,First,#,Final Layers_052023_release\MSAnMSA_FEE_MASTER,fee_qual_status,0,254;ec_qual_status "EC_qual_status" true true false 255 Text 0 0,First,#,Final Layers_052023_release\MSAnMSA_FEE_MASTER,ec_qual_status,0,254;label_fee "Label_FEE" true true false 255 Text 0 0,First,#,Final Layers_052023_release\MSAnMSA_FEE_MASTER,label_fee,0,254;label_ec "Label_EC" true true false 255 Text 0 0,First,#,Final Layers_052023_release\MSAnMSA_FEE_MASTER,label_ec,0,254;msa_nmsa_label "Label_MSA_NMSA" true true false 255 Text 0 0,First,#,Final Layers_052023_release\MSAnMSA_FEE_MASTER,msa_nmsa_label,0,254;date_last_update "date_last_update" true true false 29 Date 0 0,First,#,Final Layers_052023_release\MSAnMSA_FEE_MASTER,date_last_update,-1,-1;dataset_version "dataset_version" true true false 0 Double 0 0,First,#,Final Layers_052023_release\MSAnMSA_FEE_MASTER,dataset_version,-1,-1;date_record_added "date_record_added" true true false 29 Date 0 0,First,#,Final Layers_052023_release\MSAnMSA_FEE_MASTER,date_record_added,-1,-1;globalid "globalid" false false true 38 GlobalID 0 0,First,#,Final Layers_052023_release\MSAnMSA_FEE_MASTER,globalid,-1,-1;SHAPE__Length "SHAPE__Length" false true true 0 Double 0 0,First,#,Final Layers_052023_release\MSAnMSA_FEE_MASTER,SHAPE__Length,-1,-1;SHAPE__Area "SHAPE__Area" false true true 0 Double 0 0,First,#,Final Layers_052023_release\MSAnMSA_FEE_MASTER,SHAPE__Area,-1,-1" #</Process><Process ToolSource="c:\program files\arcgis\pro\Resources\ArcToolbox\toolboxes\Conversion Tools.tbx\ExportFeatures" Date="20240606" Time="215234">ExportFeatures MSA_nMSA_FFEcounties_2023 P:\03_DataFinal\EJSJ\IRA_Energy_Communities\MSA_NMSA_EC_FFE_Status_v2023_3\MSA_NMSA_FFE_v2023_3.shp # NOT_USE_ALIAS "objectid "objectid" true true false 4 Long 0 0,First,#,MSA_nMSA_FFEcounties_2023,objectid,-1,-1;affgeoid_cty_2020 "AFFGEOID_COUNTY_2020" true true false 255 Text 0 0,First,#,MSA_nMSA_FFEcounties_2023,affgeoid_cty_2020,0,254;fipstate_2020 "fipstate_2020" true true false 255 Text 0 0,First,#,MSA_nMSA_FFEcounties_2023,fipstate_2020,0,254;fipscty_2020 "fipscounty_2020" true true false 255 Text 0 0,First,#,MSA_nMSA_FFEcounties_2023,fipscty_2020,0,254;geoid_cty_2020 "geoid_county_2020" true true false 255 Text 0 0,First,#,MSA_nMSA_FFEcounties_2023,geoid_cty_2020,0,254;county_name_2020 "county_name_2020" true true false 255 Text 0 0,First,#,MSA_nMSA_FFEcounties_2023,county_name_2020,0,254;state_name "state_name" true true false 255 Text 0 0,First,#,MSA_nMSA_FFEcounties_2023,state_name,0,254;msa_area_id "MSA_area_ID_2020" true true false 8 Double 0 0,First,#,MSA_nMSA_FFEcounties_2023,msa_area_id,-1,-1;msa_area_name "MSA_area_name_2020" true true false 255 Text 0 0,First,#,MSA_nMSA_FFEcounties_2023,msa_area_name,0,254;ffe_ind_qual "ffe_ind_qual" true true false 8 Double 0 0,First,#,MSA_nMSA_FFEcounties_2023,ffe_ind_qual,-1,-1;ec_ind_qual "ec_ind_qual" true true false 8 Double 0 0,First,#,MSA_nMSA_FFEcounties_2023,ec_ind_qual,-1,-1;msa_qual "msa_qual" true true false 255 Text 0 0,First,#,MSA_nMSA_FFEcounties_2023,msa_qual,0,254;fee_qual_status "FEE_qual_status" true true false 255 Text 0 0,First,#,MSA_nMSA_FFEcounties_2023,fee_qual_status,0,254;ec_qual_status "EC_qual_status" true true false 255 Text 0 0,First,#,MSA_nMSA_FFEcounties_2023,ec_qual_status,0,254;label_fee "Label_FEE" true true false 255 Text 0 0,First,#,MSA_nMSA_FFEcounties_2023,label_fee,0,254;label_ec "Label_EC" true true false 255 Text 0 0,First,#,MSA_nMSA_FFEcounties_2023,label_ec,0,254;msa_nmsa_label "Label_MSA_NMSA" true true false 255 Text 0 0,First,#,MSA_nMSA_FFEcounties_2023,msa_nmsa_label,0,254;date_last_update "date_last_update" true true false 8 Date 0 0,First,#,MSA_nMSA_FFEcounties_2023,date_last_update,-1,-1;dataset_version "dataset_version" true true false 8 Double 0 0,First,#,MSA_nMSA_FFEcounties_2023,dataset_version,-1,-1;date_record_added "date_record_added" true true false 8 Date 0 0,First,#,MSA_nMSA_FFEcounties_2023,date_record_added,-1,-1;globalid "globalid" false false true 38 Text 0 0,First,#,MSA_nMSA_FFEcounties_2023,globalid,-1,-1;Shape_Length "Shape_Length" false true true 8 Double 0 0,First,#,MSA_nMSA_FFEcounties_2023,Shape_Length,-1,-1;Shape_Area "Shape_Area" false true true 8 Double 0 0,First,#,MSA_nMSA_FFEcounties_2023,Shape_Area,-1,-1" #</Process></lineage></DataProperties>
		<SyncDate>20240606</SyncDate>
		<SyncTime>21523100</SyncTime>
		<ModDate>20240606</ModDate>
		<ModTime>21523100</ModTime>
	</Esri>
	<dataIdInfo>
		<envirDesc Sync="FALSE">Esri ArcGIS 13.1.0.41833</envirDesc>
		<dataLang>
			<languageCode Sync="TRUE" value="eng"/>
			<countryCode Sync="TRUE" value="USA"/>
		</dataLang>
		<idCitation>
			<resTitle Sync="TRUE">MSA_NMSA_FFE_v2023_3</resTitle>
			<presForm>
				<PresFormCd Sync="TRUE" value="005"/>
			</presForm>
		</idCitation>
		<spatRpType>
			<SpatRepTypCd Sync="TRUE" value="001"/>
		</spatRpType>
	</dataIdInfo>
	<mdLang>
		<languageCode Sync="TRUE" value="eng"/>
		<countryCode Sync="TRUE" value="USA"/>
	</mdLang>
	<distInfo>
		<distFormat>
			<formatName Sync="TRUE">Shapefile</formatName>
		</distFormat>
		<distTranOps><transSize Sync="TRUE">0.000</transSize></distTranOps></distInfo>
	<mdHrLv>
		<ScopeCd Sync="TRUE" value="005"/>
	</mdHrLv>
	<mdHrLvName Sync="TRUE">dataset</mdHrLvName>
	<refSysInfo>
		<RefSystem>
			<refSysID>
				<identCode Sync="TRUE" code="4269"/>
				<idCodeSpace Sync="TRUE">EPSG</idCodeSpace>
				<idVersion Sync="TRUE">6.5(3.0.1)</idVersion>
			</refSysID>
		</RefSystem>
	</refSysInfo>
	<spatRepInfo>
		<VectSpatRep><geometObjs Name="MSA_NMSA_FFE_v2023_3"><geoObjTyp><GeoObjTypCd value="002" Sync="TRUE"></GeoObjTypCd></geoObjTyp><geoObjCnt Sync="TRUE">0</geoObjCnt></geometObjs><topLvl><TopoLevCd value="001" Sync="TRUE"></TopoLevCd></topLvl></VectSpatRep></spatRepInfo>
	<spdoinfo>
		<ptvctinf><esriterm Name="MSA_NMSA_FFE_v2023_3"><efeatyp Sync="TRUE">Simple</efeatyp><efeageom code="4" Sync="TRUE"></efeageom><esritopo Sync="TRUE">FALSE</esritopo><efeacnt Sync="TRUE">0</efeacnt><spindex Sync="TRUE">FALSE</spindex><linrefer Sync="TRUE">FALSE</linrefer></esriterm></ptvctinf></spdoinfo>
	<eainfo>
		<detailed Name="MSA_NMSA_FFE_v2023_3">
			<enttyp>
				<enttypl Sync="TRUE">MSA_NMSA_FFE_v2023_3</enttypl>
				<enttypt Sync="TRUE">Feature Class</enttypt>
				<enttypc Sync="TRUE">0</enttypc>
			</enttyp>
			<attr><attrlabl Sync="TRUE">FID</attrlabl><attalias Sync="TRUE">FID</attalias><attrtype Sync="TRUE">OID</attrtype><attwidth Sync="TRUE">4</attwidth><atprecis Sync="TRUE">0</atprecis><attscale Sync="TRUE">0</attscale><attrdef Sync="TRUE">Internal feature number.</attrdef><attrdefs Sync="TRUE">Esri</attrdefs><attrdomv><udom Sync="TRUE">Sequential unique whole numbers that are automatically generated.</udom></attrdomv></attr><attr>
				<attrlabl Sync="TRUE">Shape</attrlabl>
				<attalias Sync="TRUE">Shape</attalias>
				<attrtype Sync="TRUE">Geometry</attrtype>
				<attwidth Sync="TRUE">0</attwidth>
				<atprecis Sync="TRUE">0</atprecis>
				<attscale Sync="TRUE">0</attscale>
				<attrdef Sync="TRUE">Feature geometry.</attrdef>
				<attrdefs Sync="TRUE">Esri</attrdefs>
				<attrdomv>
					<udom Sync="TRUE">Coordinates defining the features.</udom>
				</attrdomv>
			</attr>
			<attr>
				<attrlabl Sync="TRUE">state_name</attrlabl>
				<attalias Sync="TRUE">state_name</attalias>
				<attrtype Sync="TRUE">String</attrtype>
				<attwidth Sync="TRUE">254</attwidth>
				<atprecis Sync="TRUE">0</atprecis>
				<attscale Sync="TRUE">0</attscale>
			</attr>
			<attr><attrlabl Sync="TRUE">affgeoid_c</attrlabl><attalias Sync="TRUE">affgeoid_c</attalias><attrtype Sync="TRUE">String</attrtype><attwidth Sync="TRUE">254</attwidth><atprecis Sync="TRUE">0</atprecis><attscale Sync="TRUE">0</attscale></attr><attr><attrlabl Sync="TRUE">fipstate_2</attrlabl><attalias Sync="TRUE">fipstate_2</attalias><attrtype Sync="TRUE">String</attrtype><attwidth Sync="TRUE">254</attwidth><atprecis Sync="TRUE">0</atprecis><attscale Sync="TRUE">0</attscale></attr><attr><attrlabl Sync="TRUE">fipscty_20</attrlabl><attalias Sync="TRUE">fipscty_20</attalias><attrtype Sync="TRUE">String</attrtype><attwidth Sync="TRUE">254</attwidth><atprecis Sync="TRUE">0</atprecis><attscale Sync="TRUE">0</attscale></attr><attr><attrlabl Sync="TRUE">geoid_cty_</attrlabl><attalias Sync="TRUE">geoid_cty_</attalias><attrtype Sync="TRUE">String</attrtype><attwidth Sync="TRUE">254</attwidth><atprecis Sync="TRUE">0</atprecis><attscale Sync="TRUE">0</attscale></attr><attr><attrlabl Sync="TRUE">county_nam</attrlabl><attalias Sync="TRUE">county_nam</attalias><attrtype Sync="TRUE">String</attrtype><attwidth Sync="TRUE">254</attwidth><atprecis Sync="TRUE">0</atprecis><attscale Sync="TRUE">0</attscale></attr><attr>
				<attrlabl Sync="TRUE">ObjectID</attrlabl>
				<attalias Sync="TRUE">objectid</attalias>
				<attrtype Sync="TRUE">Integer</attrtype>
				<attwidth Sync="TRUE">10</attwidth>
				<atprecis Sync="TRUE">10</atprecis>
				<attscale Sync="TRUE">0</attscale>
			</attr>
			<attr><attrlabl Sync="TRUE">msa_area_i</attrlabl><attalias Sync="TRUE">msa_area_i</attalias><attrtype Sync="TRUE">Double</attrtype><attwidth Sync="TRUE">19</attwidth><atprecis Sync="TRUE">0</atprecis><attscale Sync="TRUE">0</attscale></attr><attr><attrlabl Sync="TRUE">msa_area_n</attrlabl><attalias Sync="TRUE">msa_area_n</attalias><attrtype Sync="TRUE">String</attrtype><attwidth Sync="TRUE">254</attwidth><atprecis Sync="TRUE">0</atprecis><attscale Sync="TRUE">0</attscale></attr><attr><attrlabl Sync="TRUE">ffe_ind_qu</attrlabl><attalias Sync="TRUE">ffe_ind_qu</attalias><attrtype Sync="TRUE">Double</attrtype><attwidth Sync="TRUE">19</attwidth><atprecis Sync="TRUE">0</atprecis><attscale Sync="TRUE">0</attscale></attr><attr><attrlabl Sync="TRUE">ec_ind_qua</attrlabl><attalias Sync="TRUE">ec_ind_qua</attalias><attrtype Sync="TRUE">Double</attrtype><attwidth Sync="TRUE">19</attwidth><atprecis Sync="TRUE">0</atprecis><attscale Sync="TRUE">0</attscale></attr><attr>
				<attrlabl Sync="TRUE">msa_qual</attrlabl>
				<attalias Sync="TRUE">msa_qual</attalias>
				<attrtype Sync="TRUE">String</attrtype>
				<attwidth Sync="TRUE">254</attwidth>
				<atprecis Sync="TRUE">0</atprecis>
				<attscale Sync="TRUE">0</attscale>
			</attr>
			<attr><attrlabl Sync="TRUE">fee_qual_s</attrlabl><attalias Sync="TRUE">fee_qual_s</attalias><attrtype Sync="TRUE">String</attrtype><attwidth Sync="TRUE">254</attwidth><atprecis Sync="TRUE">0</atprecis><attscale Sync="TRUE">0</attscale></attr><attr><attrlabl Sync="TRUE">ec_qual_st</attrlabl><attalias Sync="TRUE">ec_qual_st</attalias><attrtype Sync="TRUE">String</attrtype><attwidth Sync="TRUE">254</attwidth><atprecis Sync="TRUE">0</atprecis><attscale Sync="TRUE">0</attscale></attr><attr>
				<attrlabl Sync="TRUE">Label_FEE</attrlabl>
				<attalias Sync="TRUE">label_fee</attalias>
				<attrtype Sync="TRUE">String</attrtype>
				<attwidth Sync="TRUE">254</attwidth>
				<atprecis Sync="TRUE">0</atprecis>
				<attscale Sync="TRUE">0</attscale>
			</attr>
			<attr>
				<attrlabl Sync="TRUE">Label_EC</attrlabl>
				<attalias Sync="TRUE">label_ec</attalias>
				<attrtype Sync="TRUE">String</attrtype>
				<attwidth Sync="TRUE">254</attwidth>
				<atprecis Sync="TRUE">0</atprecis>
				<attscale Sync="TRUE">0</attscale>
			</attr>
			<attr><attrlabl Sync="TRUE">msa_nmsa_l</attrlabl><attalias Sync="TRUE">msa_nmsa_l</attalias><attrtype Sync="TRUE">String</attrtype><attwidth Sync="TRUE">254</attwidth><atprecis Sync="TRUE">0</atprecis><attscale Sync="TRUE">0</attscale></attr><attr><attrlabl Sync="TRUE">date_last_</attrlabl><attalias Sync="TRUE">date_last_</attalias><attrtype Sync="TRUE">Date</attrtype><attwidth Sync="TRUE">8</attwidth><atprecis Sync="TRUE">0</atprecis><attscale Sync="TRUE">0</attscale></attr><attr><attrlabl Sync="TRUE">dataset_ve</attrlabl><attalias Sync="TRUE">dataset_ve</attalias><attrtype Sync="TRUE">Double</attrtype><attwidth Sync="TRUE">19</attwidth><atprecis Sync="TRUE">0</atprecis><attscale Sync="TRUE">0</attscale></attr><attr><attrlabl Sync="TRUE">date_recor</attrlabl><attalias Sync="TRUE">date_recor</attalias><attrtype Sync="TRUE">Date</attrtype><attwidth Sync="TRUE">8</attwidth><atprecis Sync="TRUE">0</atprecis><attscale Sync="TRUE">0</attscale></attr><attr>
				<attrlabl Sync="TRUE">globalid</attrlabl>
				<attalias Sync="TRUE">globalid</attalias>
				<attrtype Sync="TRUE">String</attrtype>
				<attwidth Sync="TRUE">38</attwidth>
				<atprecis Sync="TRUE">0</atprecis>
				<attscale Sync="TRUE">0</attscale>
			</attr>
			<attr><attrlabl Sync="TRUE">Shape_Leng</attrlabl><attalias Sync="TRUE">Shape_Leng</attalias><attrtype Sync="TRUE">Double</attrtype><attwidth Sync="TRUE">19</attwidth><atprecis Sync="TRUE">0</atprecis><attscale Sync="TRUE">0</attscale></attr><attr>
				<attrlabl Sync="TRUE">Shape_Area</attrlabl>
				<attalias Sync="TRUE">Shape_Area</attalias>
				<attrtype Sync="TRUE">Double</attrtype>
				<attwidth Sync="TRUE">19</attwidth>
				<atprecis Sync="TRUE">0</atprecis>
				<attscale Sync="TRUE">0</attscale>
				<attrdef Sync="TRUE">Area of feature in internal units squared.</attrdef>
				<attrdefs Sync="TRUE">Esri</attrdefs>
				<attrdomv>
					<udom Sync="TRUE">Positive real numbers that are automatically generated.</udom>
				</attrdomv>
			</attr>
		</detailed>
	</eainfo>
	<mdDateSt Sync="TRUE">20240606</mdDateSt>
</metadata>
