<metadata xml:lang="en"><Esri><CreaDate>20230508</CreaDate><CreaTime>14543900</CreaTime><ArcGISFormat>1.0</ArcGISFormat><SyncOnce>FALSE</SyncOnce><DataProperties><lineage><Process ToolSource="c:\program files\arcgis\pro\Resources\ArcToolbox\toolboxes\Data Management Tools.tbx\AddRelate" Date="20230508" Time="145439">AddRelate County GEOID CNTY_Awards_May082023$ County_FIPS Relate1 "One to many"</Process><Process ToolSource="c:\program files\arcgis\pro\Resources\ArcToolbox\toolboxes\Data Management Tools.tbx\UpdateSchema" Date="20230508" Time="150832">UpdateSchema "CIMDATA=&lt;CIMStandardDataConnection xsi:type='typens:CIMStandardDataConnection' xmlns:xsi='http://www.w3.org/2001/XMLSchema-instance' xmlns:xs='http://www.w3.org/2001/XMLSchema' xmlns:typens='http://www.esri.com/schemas/ArcGIS/3.0.0'&gt;&lt;WorkspaceConnectionString&gt;DATABASE=P:\01_DataOriginals\USA\Boundaries\Census_AllCensusBoundaries\2020\tlgdb_2020_a_us_substategeo.gdb&lt;/WorkspaceConnectionString&gt;&lt;WorkspaceFactory&gt;FileGDB&lt;/WorkspaceFactory&gt;&lt;Dataset&gt;County&lt;/Dataset&gt;&lt;DatasetType&gt;esriDTFeatureClass&lt;/DatasetType&gt;&lt;/CIMStandardDataConnection&gt;" &lt;operationSequence&gt;&lt;workflow&gt;&lt;AddField&gt;&lt;field_name&gt;Award_Count&lt;/field_name&gt;&lt;field_type&gt;LONG&lt;/field_type&gt;&lt;field_is_nullable&gt;True&lt;/field_is_nullable&gt;&lt;field_is_required&gt;False&lt;/field_is_required&gt;&lt;/AddField&gt;&lt;/workflow&gt;&lt;/operationSequence&gt;</Process><Process ToolSource="c:\program files\arcgis\pro\Resources\ArcToolbox\toolboxes\Data Management Tools.tbx\UpdateSchema" Date="20230508" Time="175546">UpdateSchema "CIMDATA=&lt;CIMStandardDataConnection xsi:type='typens:CIMStandardDataConnection' xmlns:xsi='http://www.w3.org/2001/XMLSchema-instance' xmlns:xs='http://www.w3.org/2001/XMLSchema' xmlns:typens='http://www.esri.com/schemas/ArcGIS/3.0.0'&gt;&lt;WorkspaceConnectionString&gt;DATABASE=P:\01_DataOriginals\USA\Boundaries\Census_AllCensusBoundaries\2020\tlgdb_2020_a_us_substategeo.gdb&lt;/WorkspaceConnectionString&gt;&lt;WorkspaceFactory&gt;FileGDB&lt;/WorkspaceFactory&gt;&lt;Dataset&gt;County&lt;/Dataset&gt;&lt;DatasetType&gt;esriDTFeatureClass&lt;/DatasetType&gt;&lt;/CIMStandardDataConnection&gt;" &lt;operationSequence&gt;&lt;workflow&gt;&lt;DeleteField&gt;&lt;field_name&gt;Award_Count&lt;/field_name&gt;&lt;/DeleteField&gt;&lt;/workflow&gt;&lt;/operationSequence&gt;</Process><Process ToolSource="c:\program files\arcgis\pro\Resources\ArcToolbox\toolboxes\Data Management Tools.tbx\UpdateSchema" Date="20230517" Time="104129">UpdateSchema "CIMDATA=&lt;CIMStandardDataConnection xsi:type='typens:CIMStandardDataConnection' xmlns:xsi='http://www.w3.org/2001/XMLSchema-instance' xmlns:xs='http://www.w3.org/2001/XMLSchema' xmlns:typens='http://www.esri.com/schemas/ArcGIS/3.0.0'&gt;&lt;WorkspaceConnectionString&gt;DATABASE=P:\01_DataOriginals\USA\Boundaries\Census_AllCensusBoundaries\2020\tlgdb_2020_a_us_substategeo.gdb&lt;/WorkspaceConnectionString&gt;&lt;WorkspaceFactory&gt;FileGDB&lt;/WorkspaceFactory&gt;&lt;Dataset&gt;County&lt;/Dataset&gt;&lt;DatasetType&gt;esriDTFeatureClass&lt;/DatasetType&gt;&lt;/CIMStandardDataConnection&gt;" &lt;operationSequence&gt;&lt;workflow&gt;&lt;AddField&gt;&lt;field_name&gt;AVG_CNTY_Award&lt;/field_name&gt;&lt;field_type&gt;LONG&lt;/field_type&gt;&lt;field_is_nullable&gt;True&lt;/field_is_nullable&gt;&lt;field_is_required&gt;False&lt;/field_is_required&gt;&lt;/AddField&gt;&lt;/workflow&gt;&lt;/operationSequence&gt;</Process><Process ToolSource="c:\program files\arcgis\pro\Resources\ArcToolbox\toolboxes\Data Management Tools.tbx\UpdateSchema" Date="20240529" Time="172955">UpdateSchema "CIMDATA=&lt;CIMStandardDataConnection xsi:type='typens:CIMStandardDataConnection' xmlns:xsi='http://www.w3.org/2001/XMLSchema-instance' xmlns:xs='http://www.w3.org/2001/XMLSchema' xmlns:typens='http://www.esri.com/schemas/ArcGIS/3.2.0'&gt;&lt;WorkspaceConnectionString&gt;DATABASE=P:\01_DataOriginals\USA\Boundaries\Census_AllCensusBoundaries\2020\tlgdb_2020_a_us_substategeo.gdb&lt;/WorkspaceConnectionString&gt;&lt;WorkspaceFactory&gt;FileGDB&lt;/WorkspaceFactory&gt;&lt;Dataset&gt;County&lt;/Dataset&gt;&lt;DatasetType&gt;esriDTFeatureClass&lt;/DatasetType&gt;&lt;/CIMStandardDataConnection&gt;" &lt;operationSequence&gt;&lt;workflow&gt;&lt;DeleteField&gt;&lt;field_name&gt;CLASSFP&lt;/field_name&gt;&lt;field_name&gt;FUNCSTAT&lt;/field_name&gt;&lt;field_name&gt;AVG_CNTY_Award&lt;/field_name&gt;&lt;/DeleteField&gt;&lt;/workflow&gt;&lt;/operationSequence&gt;</Process><Process ToolSource="c:\program files\arcgis\pro\Resources\ArcToolbox\toolboxes\Conversion Tools.tbx\ExportFeatures" Date="20240529" Time="175357">ExportFeatures County_2020 P:\05_AnalysisProjects_Working\DOE_HQ_Requests\IRA_Analyses\IRA_Analyses\IRA_TC_Data_Treasury\IRA_TC_Data_Treasury.gdb\MSAnMSA_EnergyComm_05312024 # NOT_USE_ALIAS "ObjectID "ObjectID" false true false 4 Long 0 0,First,#,County_2020,T_2024_MSANMSA_EnergyComm_0529202$_.ObjectID,-1,-1,County_2020,T_2024_MSANMSA_EnergyComm_0529202$_.ObjectID,-1,-1;affgeoid_cty_2020 "affgeoid_cty_2020" true true false 255 Text 0 0,First,#,County_2020,T_2024_MSANMSA_EnergyComm_0529202$_.affgeoid_cty_2020,0,254,County_2020,T_2024_MSANMSA_EnergyComm_0529202$_.affgeoid_cty_2020,0,254;fipstate_2020 "fipstate_2020" true true false 255 Text 0 0,First,#,County_2020,T_2024_MSANMSA_EnergyComm_0529202$_.fipstate_2020,0,254,County_2020,T_2024_MSANMSA_EnergyComm_0529202$_.fipstate_2020,0,254;fipscty_2020 "fipscty_2020" true true false 255 Text 0 0,First,#,County_2020,T_2024_MSANMSA_EnergyComm_0529202$_.fipscty_2020,0,254,County_2020,T_2024_MSANMSA_EnergyComm_0529202$_.fipscty_2020,0,254;geoid_cty_2020 "geoid_cty_2020" true true false 255 Text 0 0,First,#,County_2020,T_2024_MSANMSA_EnergyComm_0529202$_.geoid_cty_2020,0,254,County_2020,T_2024_MSANMSA_EnergyComm_0529202$_.geoid_cty_2020,0,254;county_name_2020 "county_name_2020" true true false 255 Text 0 0,First,#,County_2020,T_2024_MSANMSA_EnergyComm_0529202$_.county_name_2020,0,254,County_2020,T_2024_MSANMSA_EnergyComm_0529202$_.county_name_2020,0,254;state_name "state_name" true true false 255 Text 0 0,First,#,County_2020,T_2024_MSANMSA_EnergyComm_0529202$_.state_name,0,254,County_2020,T_2024_MSANMSA_EnergyComm_0529202$_.state_name,0,254;msa_area_id "msa_area_id" true true false 8 Double 0 0,First,#,County_2020,T_2024_MSANMSA_EnergyComm_0529202$_.msa_area_id,-1,-1,County_2020,T_2024_MSANMSA_EnergyComm_0529202$_.msa_area_id,-1,-1;msa_area_name "msa_area_name" true true false 255 Text 0 0,First,#,County_2020,T_2024_MSANMSA_EnergyComm_0529202$_.msa_area_name,0,254,County_2020,T_2024_MSANMSA_EnergyComm_0529202$_.msa_area_name,0,254;ffe_ind_qual "ffe_ind_qual" true true false 8 Double 0 0,First,#,County_2020,T_2024_MSANMSA_EnergyComm_0529202$_.ffe_ind_qual,-1,-1,County_2020,T_2024_MSANMSA_EnergyComm_0529202$_.ffe_ind_qual,-1,-1;ec_ind_qual "ec_ind_qual" true true false 8 Double 0 0,First,#,County_2020,T_2024_MSANMSA_EnergyComm_0529202$_.ec_ind_qual,-1,-1,County_2020,T_2024_MSANMSA_EnergyComm_0529202$_.ec_ind_qual,-1,-1;msa_qual "msa_qual" true true false 255 Text 0 0,First,#,County_2020,T_2024_MSANMSA_EnergyComm_0529202$_.msa_qual,0,254,County_2020,T_2024_MSANMSA_EnergyComm_0529202$_.msa_qual,0,254;fee_qual_status "fee_qual_status" true true false 255 Text 0 0,First,#,County_2020,T_2024_MSANMSA_EnergyComm_0529202$_.fee_qual_status,0,254,County_2020,T_2024_MSANMSA_EnergyComm_0529202$_.fee_qual_status,0,254;ec_qual_status "ec_qual_status" true true false 255 Text 0 0,First,#,County_2020,T_2024_MSANMSA_EnergyComm_0529202$_.ec_qual_status,0,254,County_2020,T_2024_MSANMSA_EnergyComm_0529202$_.ec_qual_status,0,254;label_fee "label_fee" true true false 255 Text 0 0,First,#,County_2020,T_2024_MSANMSA_EnergyComm_0529202$_.label_fee,0,254,County_2020,T_2024_MSANMSA_EnergyComm_0529202$_.label_fee,0,254;label_ec "label_ec" true true false 255 Text 0 0,First,#,County_2020,T_2024_MSANMSA_EnergyComm_0529202$_.label_ec,0,254,County_2020,T_2024_MSANMSA_EnergyComm_0529202$_.label_ec,0,254;msa_nmsa_label "msa_nmsa_label" true true false 255 Text 0 0,First,#,County_2020,T_2024_MSANMSA_EnergyComm_0529202$_.msa_nmsa_label,0,254,County_2020,T_2024_MSANMSA_EnergyComm_0529202$_.msa_nmsa_label,0,254;date_last_update "date_last_update" true true false 8 Date 0 0,First,#,County_2020,T_2024_MSANMSA_EnergyComm_0529202$_.date_last_update,-1,-1,County_2020,T_2024_MSANMSA_EnergyComm_0529202$_.date_last_update,-1,-1;dataset_version "dataset_version" true true false 8 Double 0 0,First,#,County_2020,T_2024_MSANMSA_EnergyComm_0529202$_.dataset_version,-1,-1,County_2020,T_2024_MSANMSA_EnergyComm_0529202$_.dataset_version,-1,-1;date_record_added "date_record_added" true true false 8 Date 0 0,First,#,County_2020,T_2024_MSANMSA_EnergyComm_0529202$_.date_record_added,-1,-1,County_2020,T_2024_MSANMSA_EnergyComm_0529202$_.date_record_added,-1,-1" #</Process><Process ToolSource="c:\program files\arcgis\pro\Resources\ArcToolbox\toolboxes\Data Management Tools.tbx\CalculateField" Date="20240606" Time="132739">CalculateField "2024 MSAs/Non-MSAs that are Energy Communities" date_last_update Date(2024,5,7) Arcade # Text NO_ENFORCE_DOMAINS</Process><Process ToolSource="c:\program files\arcgis\pro\Resources\ArcToolbox\toolboxes\Data Management Tools.tbx\CalculateField" Date="20240606" Time="132810">CalculateField "2024 MSAs/Non-MSAs that are Energy Communities" date_record_added Date(2024,5,7) Arcade # Text NO_ENFORCE_DOMAINS</Process><Process ToolSource="c:\program files\arcgis\pro\Resources\ArcToolbox\toolboxes\Conversion Tools.tbx\ExportFeatures" Date="20240606" Time="215608">ExportFeatures "2024 MSAs/Non-MSAs that are Energy Communities" P:\03_DataFinal\EJSJ\IRA_Energy_Communities\MSA_NMSA_EC_FFE_v2024_1\MSA_NMSA_EC_v2024_1.shp # NOT_USE_ALIAS "ObjectID "ObjectID" true true false 4 Long 0 0,First,#,2024 MSAs/Non-MSAs that are Energy Communities,ObjectID,-1,-1;affgeoid_cty_2020 "affgeoid_cty_2020" true true false 255 Text 0 0,First,#,2024 MSAs/Non-MSAs that are Energy Communities,affgeoid_cty_2020,0,254;fipstate_2020 "fipstate_2020" true true false 255 Text 0 0,First,#,2024 MSAs/Non-MSAs that are Energy Communities,fipstate_2020,0,254;fipscty_2020 "fipscty_2020" true true false 255 Text 0 0,First,#,2024 MSAs/Non-MSAs that are Energy Communities,fipscty_2020,0,254;geoid_cty_2020 "geoid_cty_2020" true true false 255 Text 0 0,First,#,2024 MSAs/Non-MSAs that are Energy Communities,geoid_cty_2020,0,254;county_name_2020 "county_name_2020" true true false 255 Text 0 0,First,#,2024 MSAs/Non-MSAs that are Energy Communities,county_name_2020,0,254;state_name "state_name" true true false 255 Text 0 0,First,#,2024 MSAs/Non-MSAs that are Energy Communities,state_name,0,254;msa_area_id "msa_area_id" true true false 8 Double 0 0,First,#,2024 MSAs/Non-MSAs that are Energy Communities,msa_area_id,-1,-1;msa_area_name "msa_area_name" true true false 255 Text 0 0,First,#,2024 MSAs/Non-MSAs that are Energy Communities,msa_area_name,0,254;ffe_ind_qual "ffe_ind_qual" true true false 8 Double 0 0,First,#,2024 MSAs/Non-MSAs that are Energy Communities,ffe_ind_qual,-1,-1;ec_ind_qual "ec_ind_qual" true true false 8 Double 0 0,First,#,2024 MSAs/Non-MSAs that are Energy Communities,ec_ind_qual,-1,-1;msa_qual "msa_qual" true true false 255 Text 0 0,First,#,2024 MSAs/Non-MSAs that are Energy Communities,msa_qual,0,254;fee_qual_status "fee_qual_status" true true false 255 Text 0 0,First,#,2024 MSAs/Non-MSAs that are Energy Communities,fee_qual_status,0,254;ec_qual_status "ec_qual_status" true true false 255 Text 0 0,First,#,2024 MSAs/Non-MSAs that are Energy Communities,ec_qual_status,0,254;label_fee "label_fee" true true false 255 Text 0 0,First,#,2024 MSAs/Non-MSAs that are Energy Communities,label_fee,0,254;label_ec "label_ec" true true false 255 Text 0 0,First,#,2024 MSAs/Non-MSAs that are Energy Communities,label_ec,0,254;msa_nmsa_label "msa_nmsa_label" true true false 255 Text 0 0,First,#,2024 MSAs/Non-MSAs that are Energy Communities,msa_nmsa_label,0,254;date_last_update "date_last_update" true true false 8 Date 0 0,First,#,2024 MSAs/Non-MSAs that are Energy Communities,date_last_update,-1,-1;dataset_version "dataset_version" true true false 8 Double 0 0,First,#,2024 MSAs/Non-MSAs that are Energy Communities,dataset_version,-1,-1;date_record_added "date_record_added" true true false 8 Date 0 0,First,#,2024 MSAs/Non-MSAs that are Energy Communities,date_record_added,-1,-1;Shape_Length "Shape_Length" false true true 8 Double 0 0,First,#,2024 MSAs/Non-MSAs that are Energy Communities,Shape_Length,-1,-1;Shape_Area "Shape_Area" false true true 8 Double 0 0,First,#,2024 MSAs/Non-MSAs that are Energy Communities,Shape_Area,-1,-1" #</Process></lineage><itemProps><itemName Sync="TRUE">MSA_NMSA_EC_v2024_1</itemName><imsContentType Sync="TRUE">002</imsContentType><itemLocation><linkage Sync="TRUE">file://\\10.50.10.198\GAIA\03_DataFinal\EJSJ\IRA_Energy_Communities\MSA_NMSA_EC_FFE_v2024_1\MSA_NMSA_EC_v2024_1.shp</linkage><protocol Sync="TRUE">Local Area Network</protocol></itemLocation><itemSize Sync="TRUE">0.000</itemSize></itemProps><coordRef><type Sync="TRUE">Geographic</type><geogcsn Sync="TRUE">GCS_North_American_1983</geogcsn><csUnits Sync="TRUE">Angular Unit: Degree (0.017453)</csUnits><peXml Sync="TRUE">&lt;GeographicCoordinateSystem xsi:type='typens:GeographicCoordinateSystem' xmlns:xsi='http://www.w3.org/2001/XMLSchema-instance' xmlns:xs='http://www.w3.org/2001/XMLSchema' xmlns:typens='http://www.esri.com/schemas/ArcGIS/3.2.0'&gt;&lt;WKT&gt;GEOGCS[&amp;quot;GCS_North_American_1983&amp;quot;,DATUM[&amp;quot;D_North_American_1983&amp;quot;,SPHEROID[&amp;quot;GRS_1980&amp;quot;,6378137.0,298.257222101]],PRIMEM[&amp;quot;Greenwich&amp;quot;,0.0],UNIT[&amp;quot;Degree&amp;quot;,0.0174532925199433],AUTHORITY[&amp;quot;EPSG&amp;quot;,4269]]&lt;/WKT&gt;&lt;XOrigin&gt;-400&lt;/XOrigin&gt;&lt;YOrigin&gt;-400&lt;/YOrigin&gt;&lt;XYScale&gt;11258999068426.238&lt;/XYScale&gt;&lt;ZOrigin&gt;-100000&lt;/ZOrigin&gt;&lt;ZScale&gt;10000&lt;/ZScale&gt;&lt;MOrigin&gt;-100000&lt;/MOrigin&gt;&lt;MScale&gt;10000&lt;/MScale&gt;&lt;XYTolerance&gt;8.983152841195215e-09&lt;/XYTolerance&gt;&lt;ZTolerance&gt;0.001&lt;/ZTolerance&gt;&lt;MTolerance&gt;0.001&lt;/MTolerance&gt;&lt;HighPrecision&gt;true&lt;/HighPrecision&gt;&lt;LeftLongitude&gt;-180&lt;/LeftLongitude&gt;&lt;WKID&gt;4269&lt;/WKID&gt;&lt;LatestWKID&gt;4269&lt;/LatestWKID&gt;&lt;/GeographicCoordinateSystem&gt;</peXml></coordRef></DataProperties><SyncDate>20240606</SyncDate><SyncTime>21560500</SyncTime><ModDate>20240606</ModDate><ModTime>21560500</ModTime></Esri><dataIdInfo><envirDesc Sync="TRUE">Microsoft Windows 10 Version 10.0 (Build 19045) ; Esri ArcGIS 13.2.0.49743</envirDesc><dataLang><languageCode value="eng" Sync="TRUE"></languageCode><countryCode value="USA" Sync="TRUE"></countryCode></dataLang><idCitation><resTitle Sync="TRUE">MSA_NMSA_EC_v2024_1</resTitle><presForm><PresFormCd value="005" Sync="TRUE"></PresFormCd></presForm></idCitation><spatRpType><SpatRepTypCd value="001" Sync="TRUE"></SpatRepTypCd></spatRpType></dataIdInfo><mdLang><languageCode value="eng" Sync="TRUE"></languageCode><countryCode value="USA" Sync="TRUE"></countryCode></mdLang><distInfo><distFormat><formatName Sync="TRUE">Shapefile</formatName></distFormat><distTranOps><transSize Sync="TRUE">0.000</transSize></distTranOps></distInfo><mdHrLv><ScopeCd value="005" Sync="TRUE"></ScopeCd></mdHrLv><mdHrLvName Sync="TRUE">dataset</mdHrLvName><refSysInfo><RefSystem><refSysID><identCode code="4269" Sync="TRUE"></identCode><idCodeSpace Sync="TRUE">EPSG</idCodeSpace><idVersion Sync="TRUE">6.5(3.0.1)</idVersion></refSysID></RefSystem></refSysInfo><spatRepInfo><VectSpatRep><geometObjs Name="MSA_NMSA_EC_v2024_1"><geoObjTyp><GeoObjTypCd value="002" Sync="TRUE"></GeoObjTypCd></geoObjTyp><geoObjCnt Sync="TRUE">0</geoObjCnt></geometObjs><topLvl><TopoLevCd value="001" Sync="TRUE"></TopoLevCd></topLvl></VectSpatRep></spatRepInfo><spdoinfo><ptvctinf><esriterm Name="MSA_NMSA_EC_v2024_1"><efeatyp Sync="TRUE">Simple</efeatyp><efeageom code="4" Sync="TRUE"></efeageom><esritopo Sync="TRUE">FALSE</esritopo><efeacnt Sync="TRUE">0</efeacnt><spindex Sync="TRUE">FALSE</spindex><linrefer Sync="TRUE">FALSE</linrefer></esriterm></ptvctinf></spdoinfo><eainfo><detailed Name="MSA_NMSA_EC_v2024_1"><enttyp><enttypl Sync="TRUE">MSA_NMSA_EC_v2024_1</enttypl><enttypt Sync="TRUE">Feature Class</enttypt><enttypc Sync="TRUE">0</enttypc></enttyp><attr><attrlabl Sync="TRUE">FID</attrlabl><attalias Sync="TRUE">FID</attalias><attrtype Sync="TRUE">OID</attrtype><attwidth Sync="TRUE">4</attwidth><atprecis Sync="TRUE">0</atprecis><attscale Sync="TRUE">0</attscale><attrdef Sync="TRUE">Internal feature number.</attrdef><attrdefs Sync="TRUE">Esri</attrdefs><attrdomv><udom Sync="TRUE">Sequential unique whole numbers that are automatically generated.</udom></attrdomv></attr><attr><attrlabl Sync="TRUE">Shape</attrlabl><attalias Sync="TRUE">Shape</attalias><attrtype Sync="TRUE">Geometry</attrtype><attwidth Sync="TRUE">0</attwidth><atprecis Sync="TRUE">0</atprecis><attscale Sync="TRUE">0</attscale><attrdef Sync="TRUE">Feature geometry.</attrdef><attrdefs Sync="TRUE">Esri</attrdefs><attrdomv><udom Sync="TRUE">Coordinates defining the features.</udom></attrdomv></attr><attr><attrlabl Sync="TRUE">ObjectID</attrlabl><attalias Sync="TRUE">ObjectID</attalias><attrtype Sync="TRUE">Integer</attrtype><attwidth Sync="TRUE">10</attwidth><atprecis Sync="TRUE">10</atprecis><attscale Sync="TRUE">0</attscale></attr><attr><attrlabl Sync="TRUE">affgeoid_c</attrlabl><attalias Sync="TRUE">affgeoid_c</attalias><attrtype Sync="TRUE">String</attrtype><attwidth Sync="TRUE">254</attwidth><atprecis Sync="TRUE">0</atprecis><attscale Sync="TRUE">0</attscale></attr><attr><attrlabl Sync="TRUE">fipstate_2</attrlabl><attalias Sync="TRUE">fipstate_2</attalias><attrtype Sync="TRUE">String</attrtype><attwidth Sync="TRUE">254</attwidth><atprecis Sync="TRUE">0</atprecis><attscale Sync="TRUE">0</attscale></attr><attr><attrlabl Sync="TRUE">fipscty_20</attrlabl><attalias Sync="TRUE">fipscty_20</attalias><attrtype Sync="TRUE">String</attrtype><attwidth Sync="TRUE">254</attwidth><atprecis Sync="TRUE">0</atprecis><attscale Sync="TRUE">0</attscale></attr><attr><attrlabl Sync="TRUE">geoid_cty_</attrlabl><attalias Sync="TRUE">geoid_cty_</attalias><attrtype Sync="TRUE">String</attrtype><attwidth Sync="TRUE">254</attwidth><atprecis Sync="TRUE">0</atprecis><attscale Sync="TRUE">0</attscale></attr><attr><attrlabl Sync="TRUE">county_nam</attrlabl><attalias Sync="TRUE">county_nam</attalias><attrtype Sync="TRUE">String</attrtype><attwidth Sync="TRUE">254</attwidth><atprecis Sync="TRUE">0</atprecis><attscale Sync="TRUE">0</attscale></attr><attr><attrlabl Sync="TRUE">state_name</attrlabl><attalias Sync="TRUE">state_name</attalias><attrtype Sync="TRUE">String</attrtype><attwidth Sync="TRUE">254</attwidth><atprecis Sync="TRUE">0</atprecis><attscale Sync="TRUE">0</attscale></attr><attr><attrlabl Sync="TRUE">msa_area_i</attrlabl><attalias Sync="TRUE">msa_area_i</attalias><attrtype Sync="TRUE">Double</attrtype><attwidth Sync="TRUE">19</attwidth><atprecis Sync="TRUE">0</atprecis><attscale Sync="TRUE">0</attscale></attr><attr><attrlabl Sync="TRUE">msa_area_n</attrlabl><attalias Sync="TRUE">msa_area_n</attalias><attrtype Sync="TRUE">String</attrtype><attwidth Sync="TRUE">254</attwidth><atprecis Sync="TRUE">0</atprecis><attscale Sync="TRUE">0</attscale></attr><attr><attrlabl Sync="TRUE">ffe_ind_qu</attrlabl><attalias Sync="TRUE">ffe_ind_qu</attalias><attrtype Sync="TRUE">Double</attrtype><attwidth Sync="TRUE">19</attwidth><atprecis Sync="TRUE">0</atprecis><attscale Sync="TRUE">0</attscale></attr><attr><attrlabl Sync="TRUE">ec_ind_qua</attrlabl><attalias Sync="TRUE">ec_ind_qua</attalias><attrtype Sync="TRUE">Double</attrtype><attwidth Sync="TRUE">19</attwidth><atprecis Sync="TRUE">0</atprecis><attscale Sync="TRUE">0</attscale></attr><attr><attrlabl Sync="TRUE">msa_qual</attrlabl><attalias Sync="TRUE">msa_qual</attalias><attrtype Sync="TRUE">String</attrtype><attwidth Sync="TRUE">254</attwidth><atprecis Sync="TRUE">0</atprecis><attscale Sync="TRUE">0</attscale></attr><attr><attrlabl Sync="TRUE">fee_qual_s</attrlabl><attalias Sync="TRUE">fee_qual_s</attalias><attrtype Sync="TRUE">String</attrtype><attwidth Sync="TRUE">254</attwidth><atprecis Sync="TRUE">0</atprecis><attscale Sync="TRUE">0</attscale></attr><attr><attrlabl Sync="TRUE">ec_qual_st</attrlabl><attalias Sync="TRUE">ec_qual_st</attalias><attrtype Sync="TRUE">String</attrtype><attwidth Sync="TRUE">254</attwidth><atprecis Sync="TRUE">0</atprecis><attscale Sync="TRUE">0</attscale></attr><attr><attrlabl Sync="TRUE">label_fee</attrlabl><attalias Sync="TRUE">label_fee</attalias><attrtype Sync="TRUE">String</attrtype><attwidth Sync="TRUE">254</attwidth><atprecis Sync="TRUE">0</atprecis><attscale Sync="TRUE">0</attscale></attr><attr><attrlabl Sync="TRUE">label_ec</attrlabl><attalias Sync="TRUE">label_ec</attalias><attrtype Sync="TRUE">String</attrtype><attwidth Sync="TRUE">254</attwidth><atprecis Sync="TRUE">0</atprecis><attscale Sync="TRUE">0</attscale></attr><attr><attrlabl Sync="TRUE">msa_nmsa_l</attrlabl><attalias Sync="TRUE">msa_nmsa_l</attalias><attrtype Sync="TRUE">String</attrtype><attwidth Sync="TRUE">254</attwidth><atprecis Sync="TRUE">0</atprecis><attscale Sync="TRUE">0</attscale></attr><attr><attrlabl Sync="TRUE">date_last_</attrlabl><attalias Sync="TRUE">date_last_</attalias><attrtype Sync="TRUE">Date</attrtype><attwidth Sync="TRUE">8</attwidth><atprecis Sync="TRUE">0</atprecis><attscale Sync="TRUE">0</attscale></attr><attr><attrlabl Sync="TRUE">dataset_ve</attrlabl><attalias Sync="TRUE">dataset_ve</attalias><attrtype Sync="TRUE">Double</attrtype><attwidth Sync="TRUE">19</attwidth><atprecis Sync="TRUE">0</atprecis><attscale Sync="TRUE">0</attscale></attr><attr><attrlabl Sync="TRUE">date_recor</attrlabl><attalias Sync="TRUE">date_recor</attalias><attrtype Sync="TRUE">Date</attrtype><attwidth Sync="TRUE">8</attwidth><atprecis Sync="TRUE">0</atprecis><attscale Sync="TRUE">0</attscale></attr><attr><attrlabl Sync="TRUE">Shape_Leng</attrlabl><attalias Sync="TRUE">Shape_Leng</attalias><attrtype Sync="TRUE">Double</attrtype><attwidth Sync="TRUE">19</attwidth><atprecis Sync="TRUE">0</atprecis><attscale Sync="TRUE">0</attscale></attr><attr><attrlabl Sync="TRUE">Shape_Area</attrlabl><attalias Sync="TRUE">Shape_Area</attalias><attrtype Sync="TRUE">Double</attrtype><attwidth Sync="TRUE">19</attwidth><atprecis Sync="TRUE">0</atprecis><attscale Sync="TRUE">0</attscale><attrdef Sync="TRUE">Area of feature in internal units squared.</attrdef><attrdefs Sync="TRUE">Esri</attrdefs><attrdomv><udom Sync="TRUE">Positive real numbers that are automatically generated.</udom></attrdomv></attr></detailed></eainfo><mdDateSt Sync="TRUE">20240606</mdDateSt></metadata>
